InstArgID,EntityID
InstArg723,BuzzfeedNews4
InstArg724,BuzzfeedNews5
InstArg754,BuzzfeedNews28
InstArg755,BuzzfeedNews30
InstArg756,BuzzfeedNews31
InstArg773,BuzzfeedNews36
InstArg777,BuzzfeedNews38
InstArg778,BuzzfeedNews41
InstArg803,BuzzfeedNews50
InstArg836,BuzzfeedNews59
InstArg844,BuzzfeedNews63
InstArg845,BuzzfeedNews71
InstArg846,BuzzfeedNews80
InstArg847,BuzzfeedNews83
InstArg848,BuzzfeedNews85
InstArg849,BuzzfeedNews87
InstArg5710,BuzzfeedNews179
InstArg8350,BuzzfeedNews167
InstArg8351,BuzzfeedNews159
InstArg8352,BuzzfeedNews153
InstArg8353,BuzzfeedNews156
InstArg8354,BuzzfeedNews155
InstArg8355,BuzzfeedNews148
InstArg8356,BuzzfeedNews138
InstArg8357,BuzzfeedNews140
InstArg8368,BuzzfeedNews116
InstArg8378,BuzzfeedNews112
InstArg8379,BuzzfeedNews111
InstArg8405,BuzzfeedNews98
InstArg8411,BuzzfeedNews95
InstArg9555,BuzzfeedNews1
InstArg9556,BuzzfeedNews34
InstArg9557,BuzzfeedNews12
InstArg9558,BuzzfeedNews125
InstArg9559,BuzzfeedNews147
InstArg9560,BuzzfeedNews180
InstArg15181,BuzzfeedNews146
InstArg15182,BuzzfeedNews150
InstArg15183,BuzzfeedNews135
InstArg15184,BuzzfeedNews108
InstArg15185,BuzzfeedNews121
InstArg15186,BuzzfeedNews131
InstArg15187,BuzzfeedNews170
InstArg15188,BuzzfeedNews144
InstArg15189,BuzzfeedNews157
InstArg15190,BuzzfeedNews103
InstArg15191,BuzzfeedNews115
InstArg15192,BuzzfeedNews166
InstArg15193,BuzzfeedNews142
InstArg15194,BuzzfeedNews133
InstArg15195,BuzzfeedNews107
InstArg15196,BuzzfeedNews181
InstArg15197,BuzzfeedNews130
InstArg15198,BuzzfeedNews118
InstArg15199,BuzzfeedNews160
InstArg15200,BuzzfeedNews171
InstArg15201,BuzzfeedNews143
InstArg15202,BuzzfeedNews97
InstArg15203,BuzzfeedNews106
InstArg15204,BuzzfeedNews119
InstArg15205,BuzzfeedNews137
InstArg15206,BuzzfeedNews139
InstArg15207,BuzzfeedNews122
InstArg15208,BuzzfeedNews136
InstArg15209,BuzzfeedNews120
InstArg15210,BuzzfeedNews102
InstArg15211,BuzzfeedNews174
InstArg15212,BuzzfeedNews152
InstArg15213,BuzzfeedNews105
InstArg15214,BuzzfeedNews93
InstArg15215,BuzzfeedNews101
InstArg15216,BuzzfeedNews165
InstArg15217,BuzzfeedNews182
InstArg15218,BuzzfeedNews172
InstArg15219,BuzzfeedNews99
InstArg15220,BuzzfeedNews158
InstArg15221,BuzzfeedNews149
InstArg15222,BuzzfeedNews100
InstArg15223,BuzzfeedNews114
InstArg15224,BuzzfeedNews92
InstArg15225,BuzzfeedNews124
InstArg15226,BuzzfeedNews96
InstArg15227,BuzzfeedNews151
InstArg15228,BuzzfeedNews145
InstArg15229,BuzzfeedNews109
InstArg15230,BuzzfeedNews128
InstArg15231,BuzzfeedNews127
InstArg15232,BuzzfeedNews154
InstArg15233,BuzzfeedNews113
InstArg15234,BuzzfeedNews134
InstArg15235,BuzzfeedNews161
InstArg15236,BuzzfeedNews169
InstArg15237,BuzzfeedNews176
InstArg15238,BuzzfeedNews162
InstArg15239,BuzzfeedNews123
InstArg15240,BuzzfeedNews126
InstArg15241,BuzzfeedNews141
InstArg15242,BuzzfeedNews94
InstArg15243,BuzzfeedNews104
InstArg15244,BuzzfeedNews173
InstArg15245,BuzzfeedNews175
InstArg15246,BuzzfeedNews178
InstArg15247,BuzzfeedNews164
InstArg15248,BuzzfeedNews132
InstArg15249,BuzzfeedNews168
InstArg15250,BuzzfeedNews163
InstArg15251,BuzzfeedNews177
InstArg15252,BuzzfeedNews117
InstArg15253,BuzzfeedNews129
InstArg15254,BuzzfeedNews110
InstArg15255,BuzzfeedNews14
InstArg15256,BuzzfeedNews73
InstArg15257,BuzzfeedNews21
InstArg15258,BuzzfeedNews88
InstArg15259,BuzzfeedNews18
InstArg15260,BuzzfeedNews24
InstArg15261,BuzzfeedNews60
InstArg15262,BuzzfeedNews77
InstArg15263,BuzzfeedNews62
InstArg15264,BuzzfeedNews46
InstArg15265,BuzzfeedNews54
InstArg15266,BuzzfeedNews25
InstArg15267,BuzzfeedNews48
InstArg15268,BuzzfeedNews17
InstArg15269,BuzzfeedNews23
InstArg15270,BuzzfeedNews72
InstArg15271,BuzzfeedNews6
InstArg15272,BuzzfeedNews66
InstArg15273,BuzzfeedNews3
InstArg15274,BuzzfeedNews67
InstArg15275,BuzzfeedNews84
InstArg15276,BuzzfeedNews89
InstArg15277,BuzzfeedNews64
InstArg15278,BuzzfeedNews15
InstArg15279,BuzzfeedNews16
InstArg15280,BuzzfeedNews2
InstArg15281,BuzzfeedNews55
InstArg15282,BuzzfeedNews32
InstArg15283,BuzzfeedNews90
InstArg15284,BuzzfeedNews7
InstArg15285,BuzzfeedNews13
InstArg15286,BuzzfeedNews42
InstArg15287,BuzzfeedNews27
InstArg15288,BuzzfeedNews61
InstArg15289,BuzzfeedNews33
InstArg15290,BuzzfeedNews68
InstArg15291,BuzzfeedNews9
InstArg15292,BuzzfeedNews65
InstArg15293,BuzzfeedNews8
InstArg15294,BuzzfeedNews49
InstArg15295,BuzzfeedNews69
InstArg15296,BuzzfeedNews75
InstArg15297,BuzzfeedNews47
InstArg15298,BuzzfeedNews86
InstArg15299,BuzzfeedNews20
InstArg15300,BuzzfeedNews76
InstArg15301,BuzzfeedNews19
InstArg15302,BuzzfeedNews22
InstArg15303,BuzzfeedNews10
InstArg15304,BuzzfeedNews82
InstArg15305,BuzzfeedNews43
InstArg15306,BuzzfeedNews11
InstArg15307,BuzzfeedNews35
InstArg15308,BuzzfeedNews37
InstArg15309,BuzzfeedNews29
InstArg15310,BuzzfeedNews91
InstArg15311,BuzzfeedNews51
InstArg15312,BuzzfeedNews79
InstArg15313,BuzzfeedNews39
InstArg15314,BuzzfeedNews81
InstArg15315,BuzzfeedNews70
InstArg15316,BuzzfeedNews78
InstArg15317,BuzzfeedNews57
InstArg15318,BuzzfeedNews26
InstArg15319,BuzzfeedNews45
InstArg15320,BuzzfeedNews53
InstArg15321,BuzzfeedNews44
InstArg15322,BuzzfeedNews52
InstArg15323,BuzzfeedNews40
InstArg15324,BuzzfeedNews74
InstArg15325,BuzzfeedNews58
InstArg15326,BuzzfeedNews56
InstArg723,BuzzfeedNews4
InstArg724,BuzzfeedNews5
InstArg754,BuzzfeedNews28
InstArg755,BuzzfeedNews30
InstArg756,BuzzfeedNews31
InstArg773,BuzzfeedNews36
InstArg777,BuzzfeedNews38
InstArg778,BuzzfeedNews41
InstArg803,BuzzfeedNews50
InstArg836,BuzzfeedNews59
InstArg844,BuzzfeedNews63
InstArg845,BuzzfeedNews71
InstArg846,BuzzfeedNews80
InstArg847,BuzzfeedNews83
InstArg848,BuzzfeedNews85
InstArg849,BuzzfeedNews87
InstArg5710,BuzzfeedNews179
InstArg8350,BuzzfeedNews167
InstArg8351,BuzzfeedNews159
InstArg8352,BuzzfeedNews153
InstArg8353,BuzzfeedNews156
InstArg8354,BuzzfeedNews155
InstArg8355,BuzzfeedNews148
InstArg8356,BuzzfeedNews138
InstArg8357,BuzzfeedNews140
InstArg8368,BuzzfeedNews116
InstArg8378,BuzzfeedNews112
InstArg8379,BuzzfeedNews111
InstArg8405,BuzzfeedNews98
InstArg8411,BuzzfeedNews95
InstArg9555,BuzzfeedNews1
InstArg9556,BuzzfeedNews34
InstArg9557,BuzzfeedNews12
InstArg9558,BuzzfeedNews125
InstArg9559,BuzzfeedNews147
InstArg9560,BuzzfeedNews180
InstArg15181,BuzzfeedNews146
InstArg15182,BuzzfeedNews150
InstArg15183,BuzzfeedNews135
InstArg15184,BuzzfeedNews108
InstArg15185,BuzzfeedNews121
InstArg15186,BuzzfeedNews131
InstArg15187,BuzzfeedNews170
InstArg15188,BuzzfeedNews144
InstArg15189,BuzzfeedNews157
InstArg15190,BuzzfeedNews103
InstArg15191,BuzzfeedNews115
InstArg15192,BuzzfeedNews166
InstArg15193,BuzzfeedNews142
InstArg15194,BuzzfeedNews133
InstArg15195,BuzzfeedNews107
InstArg15196,BuzzfeedNews181
InstArg15197,BuzzfeedNews130
InstArg15198,BuzzfeedNews118
InstArg15199,BuzzfeedNews160
InstArg15200,BuzzfeedNews171
InstArg15201,BuzzfeedNews143
InstArg15202,BuzzfeedNews97
InstArg15203,BuzzfeedNews106
InstArg15204,BuzzfeedNews119
InstArg15205,BuzzfeedNews137
InstArg15206,BuzzfeedNews139
InstArg15207,BuzzfeedNews122
InstArg15208,BuzzfeedNews136
InstArg15209,BuzzfeedNews120
InstArg15210,BuzzfeedNews102
InstArg15211,BuzzfeedNews174
InstArg15212,BuzzfeedNews152
InstArg15213,BuzzfeedNews105
InstArg15214,BuzzfeedNews93
InstArg15215,BuzzfeedNews101
InstArg15216,BuzzfeedNews165
InstArg15217,BuzzfeedNews182
InstArg15218,BuzzfeedNews172
InstArg15219,BuzzfeedNews99
InstArg15220,BuzzfeedNews158
InstArg15221,BuzzfeedNews149
InstArg15222,BuzzfeedNews100
InstArg15223,BuzzfeedNews114
InstArg15224,BuzzfeedNews92
InstArg15225,BuzzfeedNews124
InstArg15226,BuzzfeedNews96
InstArg15227,BuzzfeedNews151
InstArg15228,BuzzfeedNews145
InstArg15229,BuzzfeedNews109
InstArg15230,BuzzfeedNews128
InstArg15231,BuzzfeedNews127
InstArg15232,BuzzfeedNews154
InstArg15233,BuzzfeedNews113
InstArg15234,BuzzfeedNews134
InstArg15235,BuzzfeedNews161
InstArg15236,BuzzfeedNews169
InstArg15237,BuzzfeedNews176
InstArg15238,BuzzfeedNews162
InstArg15239,BuzzfeedNews123
InstArg15240,BuzzfeedNews126
InstArg15241,BuzzfeedNews141
InstArg15242,BuzzfeedNews94
InstArg15243,BuzzfeedNews104
InstArg15244,BuzzfeedNews173
InstArg15245,BuzzfeedNews175
InstArg15246,BuzzfeedNews178
InstArg15247,BuzzfeedNews164
InstArg15248,BuzzfeedNews132
InstArg15249,BuzzfeedNews168
InstArg15250,BuzzfeedNews163
InstArg15251,BuzzfeedNews177
InstArg15252,BuzzfeedNews117
InstArg15253,BuzzfeedNews129
InstArg15254,BuzzfeedNews110
InstArg15255,BuzzfeedNews14
InstArg15256,BuzzfeedNews73
InstArg15257,BuzzfeedNews21
InstArg15258,BuzzfeedNews88
InstArg15259,BuzzfeedNews18
InstArg15260,BuzzfeedNews24
InstArg15261,BuzzfeedNews60
InstArg15262,BuzzfeedNews77
InstArg15263,BuzzfeedNews62
InstArg15264,BuzzfeedNews46
InstArg15265,BuzzfeedNews54
InstArg15266,BuzzfeedNews25
InstArg15267,BuzzfeedNews48
InstArg15268,BuzzfeedNews17
InstArg15269,BuzzfeedNews23
InstArg15270,BuzzfeedNews72
InstArg15271,BuzzfeedNews6
InstArg15272,BuzzfeedNews66
InstArg15273,BuzzfeedNews3
InstArg15274,BuzzfeedNews67
InstArg15275,BuzzfeedNews84
InstArg15276,BuzzfeedNews89
InstArg15277,BuzzfeedNews64
InstArg15278,BuzzfeedNews15
InstArg15279,BuzzfeedNews16
InstArg15280,BuzzfeedNews2
InstArg15281,BuzzfeedNews55
InstArg15282,BuzzfeedNews32
InstArg15283,BuzzfeedNews90
InstArg15284,BuzzfeedNews7
InstArg15285,BuzzfeedNews13
InstArg15286,BuzzfeedNews42
InstArg15287,BuzzfeedNews27
InstArg15288,BuzzfeedNews61
InstArg15289,BuzzfeedNews33
InstArg15290,BuzzfeedNews68
InstArg15291,BuzzfeedNews9
InstArg15292,BuzzfeedNews65
InstArg15293,BuzzfeedNews8
InstArg15294,BuzzfeedNews49
InstArg15295,BuzzfeedNews69
InstArg15296,BuzzfeedNews75
InstArg15297,BuzzfeedNews47
InstArg15298,BuzzfeedNews86
InstArg15299,BuzzfeedNews20
InstArg15300,BuzzfeedNews76
InstArg15301,BuzzfeedNews19
InstArg15302,BuzzfeedNews22
InstArg15303,BuzzfeedNews10
InstArg15304,BuzzfeedNews82
InstArg15305,BuzzfeedNews43
InstArg15306,BuzzfeedNews11
InstArg15307,BuzzfeedNews35
InstArg15308,BuzzfeedNews37
InstArg15309,BuzzfeedNews29
InstArg15310,BuzzfeedNews91
InstArg15311,BuzzfeedNews51
InstArg15312,BuzzfeedNews79
InstArg15313,BuzzfeedNews39
InstArg15314,BuzzfeedNews81
InstArg15315,BuzzfeedNews70
InstArg15316,BuzzfeedNews78
InstArg15317,BuzzfeedNews57
InstArg15318,BuzzfeedNews26
InstArg15319,BuzzfeedNews45
InstArg15320,BuzzfeedNews53
InstArg15321,BuzzfeedNews44
InstArg15322,BuzzfeedNews52
InstArg15323,BuzzfeedNews40
InstArg15324,BuzzfeedNews74
InstArg15325,BuzzfeedNews58
InstArg15326,BuzzfeedNews56
