fold_id,performance_id
Fold1,Performance1
Fold2,Performance2
Fold3,Performance3
Fold4,Performance4
Fold5,Performance5
Fold6,Performance6
Fold7,Performance7
Fold8,Performance8
Fold9,Performance9
Fold10,Performance10
Fold11,Performance11
Fold12,Performance12
Fold13,Performance13
Fold14,Performance14
Fold15,Performance15
Fold16,Performance16
Fold17,Performance17
Fold18,Performance18
Fold19,Performance19
Fold20,Performance20
Fold21,Performance21
Fold22,Performance22
Fold23,Performance23
Fold24,Performance24
Fold25,Performance25
Fold26,Performance26
Fold27,Performance27
Fold28,Performance28
Fold29,Performance29
Fold30,Performance30
Fold31,Performance31
Fold32,Performance32
Fold33,Performance33
Fold34,Performance34
Fold35,Performance35
Fold36,Performance36
Fold37,Performance37
Fold38,Performance38
Fold39,Performance39
Fold40,Performance40
Fold41,Performance41
Fold42,Performance42
Fold43,Performance43
Fold44,Performance44
Fold45,Performance45
Fold46,Performance46
Fold47,Performance47
Fold48,Performance48
Fold49,Performance49
Fold50,Performance50
Fold51,Performance51
Fold52,Performance52
Fold53,Performance53
Fold54,Performance54
Fold55,Performance55
Fold56,Performance56
Fold57,Performance57
Fold58,Performance58
Fold59,Performance59
Fold60,Performance60
Fold61,Performance61
Fold62,Performance62
Fold63,Performance63
Fold64,Performance64
Fold65,Performance65
Fold66,Performance66
Fold67,Performance67
Fold68,Performance68
Fold69,Performance69
Fold70,Performance70
Fold71,Performance71
Fold72,Performance72
Fold73,Performance73
Fold74,Performance74
Fold75,Performance75
Fold76,Performance76
Fold77,Performance77
Fold78,Performance78
Fold79,Performance79
Fold80,Performance80
Fold81,Performance81
Fold82,Performance82
Fold83,Performance83
Fold84,Performance84
Fold85,Performance85
Fold86,Performance86
Fold87,Performance87
Fold88,Performance88
Fold89,Performance89
Fold90,Performance90
Fold91,Performance91
Fold92,Performance92
Fold93,Performance93
Fold94,Performance94
Fold95,Performance95
Fold96,Performance96
Fold97,Performance97
Fold98,Performance98
Fold99,Performance99
Fold100,Performance100
Fold101,Performance101
Fold102,Performance102
Fold103,Performance103
Fold104,Performance104
Fold105,Performance105
Fold106,Performance106
Fold107,Performance107
Fold108,Performance108
Fold109,Performance109
Fold110,Performance110
Fold111,Performance111
Fold112,Performance112
Fold113,Performance113
Fold114,Performance114
Fold115,Performance115
Fold116,Performance116
Fold117,Performance117
Fold118,Performance118
Fold119,Performance119
Fold120,Performance120
Fold121,Performance121
Fold122,Performance122
Fold123,Performance123
Fold124,Performance124
Fold125,Performance125
Fold126,Performance126
Fold127,Performance127
Fold128,Performance128
Fold129,Performance129
Fold130,Performance130
Fold131,Performance131
Fold132,Performance132
Fold133,Performance133
Fold134,Performance134
Fold135,Performance135
Fold136,Performance136
Fold137,Performance137
Fold138,Performance138
Fold139,Performance139
Fold140,Performance140
Fold141,Performance141
Fold142,Performance142
Fold143,Performance143
Fold144,Performance144
Fold145,Performance145
Fold146,Performance146
Fold147,Performance147
Fold148,Performance148
Fold149,Performance149
Fold150,Performance150
Fold151,Performance151
Fold152,Performance152
Fold153,Performance153
Fold154,Performance154
Fold155,Performance155
Fold156,Performance156
Fold157,Performance157
Fold158,Performance158
Fold159,Performance159
Fold160,Performance160
Fold161,Performance161
Fold162,Performance162
Fold163,Performance163
Fold164,Performance164
Fold165,Performance165
Fold166,Performance166
Fold167,Performance167
Fold168,Performance168
Fold169,Performance169
Fold170,Performance170
Fold171,Performance171
Fold172,Performance172
Fold173,Performance173
Fold174,Performance174
Fold175,Performance175
Fold176,Performance176
Fold177,Performance177
Fold178,Performance178
Fold179,Performance179
Fold180,Performance180
